{
  "id": "2375604",
  "name": "nxo2",
  "font_family": "iconfont",
  "css_prefix_text": "icon-",
  "description": "",
  "glyphs": [
    {
      "icon_id": "7008982",
      "name": "play",
      "font_class": "play",
      "unicode": "e740",
      "unicode_decimal": 59200
    },
    {
      "icon_id": "7008983",
      "name": "play_fill",
      "font_class": "play_fill",
      "unicode": "e741",
      "unicode_decimal": 59201
    },
    {
      "icon_id": "7008984",
      "name": "playon_fill",
      "font_class": "playon_fill",
      "unicode": "e742",
      "unicode_decimal": 59202
    },
    {
      "icon_id": "7008985",
      "name": "playon",
      "font_class": "playon",
      "unicode": "e743",
      "unicode_decimal": 59203
    },
    {
      "icon_id": "7008986",
      "name": "praise_fill",
      "font_class": "praise_fill",
      "unicode": "e744",
      "unicode_decimal": 59204
    },
    {
      "icon_id": "7008987",
      "name": "praise",
      "font_class": "praise",
      "unicode": "e745",
      "unicode_decimal": 59205
    },
    {
      "icon_id": "7008988",
      "name": "prompt_fill",
      "font_class": "prompt_fill",
      "unicode": "e746",
      "unicode_decimal": 59206
    },
    {
      "icon_id": "7008989",
      "name": "prompt",
      "font_class": "prompt",
      "unicode": "e747",
      "unicode_decimal": 59207
    },
    {
      "icon_id": "7008990",
      "name": "qrcode_fill",
      "font_class": "qrcode_fill",
      "unicode": "e748",
      "unicode_decimal": 59208
    },
    {
      "icon_id": "7008991",
      "name": "qrcode",
      "font_class": "qrcode",
      "unicode": "e749",
      "unicode_decimal": 59209
    },
    {
      "icon_id": "7008992",
      "name": "redpacket_fill",
      "font_class": "redpacket_fill",
      "unicode": "e74a",
      "unicode_decimal": 59210
    },
    {
      "icon_id": "7008993",
      "name": "redpacket",
      "font_class": "redpacket",
      "unicode": "e74b",
      "unicode_decimal": 59211
    },
    {
      "icon_id": "7008994",
      "name": "refresh",
      "font_class": "refresh",
      "unicode": "e74c",
      "unicode_decimal": 59212
    },
    {
      "icon_id": "7008995",
      "name": "remind_fill",
      "font_class": "remind_fill",
      "unicode": "e74d",
      "unicode_decimal": 59213
    },
    {
      "icon_id": "7008996",
      "name": "remind",
      "font_class": "remind",
      "unicode": "e74e",
      "unicode_decimal": 59214
    },
    {
      "icon_id": "7008997",
      "name": "return",
      "font_class": "return",
      "unicode": "e74f",
      "unicode_decimal": 59215
    },
    {
      "icon_id": "7008998",
      "name": "right",
      "font_class": "right",
      "unicode": "e750",
      "unicode_decimal": 59216
    },
    {
      "icon_id": "7008999",
      "name": "scan",
      "font_class": "scan",
      "unicode": "e751",
      "unicode_decimal": 59217
    },
    {
      "icon_id": "7009000",
      "name": "select_fill",
      "font_class": "select_fill",
      "unicode": "e752",
      "unicode_decimal": 59218
    },
    {
      "icon_id": "7009001",
      "name": "select",
      "font_class": "select",
      "unicode": "e753",
      "unicode_decimal": 59219
    },
    {
      "icon_id": "7009002",
      "name": "send",
      "font_class": "send",
      "unicode": "e754",
      "unicode_decimal": 59220
    },
    {
      "icon_id": "7009003",
      "name": "service_fill",
      "font_class": "service_fill",
      "unicode": "e755",
      "unicode_decimal": 59221
    },
    {
      "icon_id": "7009004",
      "name": "service",
      "font_class": "service",
      "unicode": "e756",
      "unicode_decimal": 59222
    },
    {
      "icon_id": "7009005",
      "name": "setup_fill",
      "font_class": "setup_fill",
      "unicode": "e757",
      "unicode_decimal": 59223
    },
    {
      "icon_id": "7009006",
      "name": "setup",
      "font_class": "setup",
      "unicode": "e758",
      "unicode_decimal": 59224
    },
    {
      "icon_id": "7009007",
      "name": "share_fill",
      "font_class": "share_fill",
      "unicode": "e759",
      "unicode_decimal": 59225
    },
    {
      "icon_id": "7009008",
      "name": "share",
      "font_class": "share",
      "unicode": "e75a",
      "unicode_decimal": 59226
    },
    {
      "icon_id": "7009009",
      "name": "shielding_fill",
      "font_class": "shielding_fill",
      "unicode": "e75b",
      "unicode_decimal": 59227
    },
    {
      "icon_id": "7009010",
      "name": "shielding",
      "font_class": "shielding",
      "unicode": "e75c",
      "unicode_decimal": 59228
    },
    {
      "icon_id": "7009011",
      "name": "smallscreen_fill",
      "font_class": "smallscreen_fill",
      "unicode": "e75d",
      "unicode_decimal": 59229
    },
    {
      "icon_id": "7009012",
      "name": "smallscreen",
      "font_class": "smallscreen",
      "unicode": "e75e",
      "unicode_decimal": 59230
    },
    {
      "icon_id": "7009013",
      "name": "stealth_fill",
      "font_class": "stealth_fill",
      "unicode": "e75f",
      "unicode_decimal": 59231
    },
    {
      "icon_id": "7009014",
      "name": "stealth",
      "font_class": "stealth",
      "unicode": "e760",
      "unicode_decimal": 59232
    },
    {
      "icon_id": "7009015",
      "name": "success_fill",
      "font_class": "success_fill",
      "unicode": "e761",
      "unicode_decimal": 59233
    },
    {
      "icon_id": "7009016",
      "name": "success",
      "font_class": "success",
      "unicode": "e762",
      "unicode_decimal": 59234
    },
    {
      "icon_id": "7009017",
      "name": "suspend",
      "font_class": "suspend",
      "unicode": "e763",
      "unicode_decimal": 59235
    },
    {
      "icon_id": "7009018",
      "name": "switch",
      "font_class": "switch",
      "unicode": "e764",
      "unicode_decimal": 59236
    },
    {
      "icon_id": "7009019",
      "name": "systemprompt_fill",
      "font_class": "systemprompt_fill",
      "unicode": "e765",
      "unicode_decimal": 59237
    },
    {
      "icon_id": "7009020",
      "name": "systemprompt",
      "font_class": "systemprompt",
      "unicode": "e766",
      "unicode_decimal": 59238
    },
    {
      "icon_id": "7009021",
      "name": "tailor",
      "font_class": "tailor",
      "unicode": "e767",
      "unicode_decimal": 59239
    },
    {
      "icon_id": "7009022",
      "name": "task",
      "font_class": "task",
      "unicode": "e768",
      "unicode_decimal": 59240
    },
    {
      "icon_id": "7009023",
      "name": "task_fill",
      "font_class": "task_fill",
      "unicode": "e769",
      "unicode_decimal": 59241
    },
    {
      "icon_id": "7009024",
      "name": "tasklist_fill",
      "font_class": "tasklist_fill",
      "unicode": "e76a",
      "unicode_decimal": 59242
    },
    {
      "icon_id": "7009025",
      "name": "tasklist",
      "font_class": "tasklist",
      "unicode": "e76b",
      "unicode_decimal": 59243
    },
    {
      "icon_id": "7009026",
      "name": "text",
      "font_class": "text",
      "unicode": "e76c",
      "unicode_decimal": 59244
    },
    {
      "icon_id": "7009027",
      "name": "time_fill",
      "font_class": "time_fill",
      "unicode": "e76d",
      "unicode_decimal": 59245
    },
    {
      "icon_id": "7009028",
      "name": "time",
      "font_class": "time",
      "unicode": "e76e",
      "unicode_decimal": 59246
    },
    {
      "icon_id": "7009029",
      "name": "translation_fill",
      "font_class": "translation_fill",
      "unicode": "e76f",
      "unicode_decimal": 59247
    },
    {
      "icon_id": "7009030",
      "name": "translation",
      "font_class": "translation",
      "unicode": "e770",
      "unicode_decimal": 59248
    },
    {
      "icon_id": "7009031",
      "name": "trash",
      "font_class": "trash",
      "unicode": "e771",
      "unicode_decimal": 59249
    },
    {
      "icon_id": "7009032",
      "name": "trash_fill",
      "font_class": "trash_fill",
      "unicode": "e772",
      "unicode_decimal": 59250
    },
    {
      "icon_id": "7009033",
      "name": "undo",
      "font_class": "undo",
      "unicode": "e773",
      "unicode_decimal": 59251
    },
    {
      "icon_id": "7009034",
      "name": "unlock_fill",
      "font_class": "unlock_fill",
      "unicode": "e774",
      "unicode_decimal": 59252
    },
    {
      "icon_id": "7009035",
      "name": "unlock",
      "font_class": "unlock",
      "unicode": "e775",
      "unicode_decimal": 59253
    },
    {
      "icon_id": "7009036",
      "name": "video",
      "font_class": "video",
      "unicode": "e776",
      "unicode_decimal": 59254
    },
    {
      "icon_id": "7009037",
      "name": "video_fill",
      "font_class": "video_fill",
      "unicode": "e777",
      "unicode_decimal": 59255
    },
    {
      "icon_id": "7009038",
      "name": "warning_fill",
      "font_class": "warning_fill",
      "unicode": "e778",
      "unicode_decimal": 59256
    },
    {
      "icon_id": "7009039",
      "name": "warning",
      "font_class": "warning",
      "unicode": "e779",
      "unicode_decimal": 59257
    },
    {
      "icon_id": "7009040",
      "name": "workbench_fill",
      "font_class": "workbench_fill",
      "unicode": "e77a",
      "unicode_decimal": 59258
    },
    {
      "icon_id": "7009041",
      "name": "workbench",
      "font_class": "workbench",
      "unicode": "e77b",
      "unicode_decimal": 59259
    },
    {
      "icon_id": "7009042",
      "name": "search",
      "font_class": "search",
      "unicode": "e77c",
      "unicode_decimal": 59260
    },
    {
      "icon_id": "7009043",
      "name": "search fill",
      "font_class": "searchfill",
      "unicode": "e77d",
      "unicode_decimal": 59261
    },
    {
      "icon_id": "7009044",
      "name": "qianriu_fill",
      "font_class": "qianniu",
      "unicode": "e77e",
      "unicode_decimal": 59262
    },
    {
      "icon_id": "7009045",
      "name": "publish goods_fill",
      "font_class": "publishgoods_fill",
      "unicode": "e77f",
      "unicode_decimal": 59263
    },
    {
      "icon_id": "7009046",
      "name": "shop_fill",
      "font_class": "shop_fill",
      "unicode": "e780",
      "unicode_decimal": 59264
    },
    {
      "icon_id": "7009047",
      "name": "transaction_fill",
      "font_class": "transaction_fill",
      "unicode": "e781",
      "unicode_decimal": 59265
    },
    {
      "icon_id": "7009048",
      "name": "packup",
      "font_class": "packup",
      "unicode": "e782",
      "unicode_decimal": 59266
    },
    {
      "icon_id": "7009049",
      "name": "unfold",
      "font_class": "unfold",
      "unicode": "e783",
      "unicode_decimal": 59267
    },
    {
      "icon_id": "7009050",
      "name": "wangwang_fill",
      "font_class": "wangwang",
      "unicode": "e784",
      "unicode_decimal": 59268
    },
    {
      "icon_id": "7009051",
      "name": "financial_fill",
      "font_class": "financial_fill",
      "unicode": "e785",
      "unicode_decimal": 59269
    },
    {
      "icon_id": "7009052",
      "name": "marketing_fill",
      "font_class": "marketing_fill",
      "unicode": "e786",
      "unicode_decimal": 59270
    },
    {
      "icon_id": "7009053",
      "name": "shake",
      "font_class": "shake",
      "unicode": "e787",
      "unicode_decimal": 59271
    },
    {
      "icon_id": "7009054",
      "name": "decoration_fill",
      "font_class": "decoration_fill",
      "unicode": "e788",
      "unicode_decimal": 59272
    },
    {
      "icon_id": "7009055",
      "name": "logo",
      "font_class": "budaidise",
      "unicode": "e789",
      "unicode_decimal": 59273
    },
    {
      "icon_id": "7009056",
      "name": "logo_fill",
      "font_class": "qianniudaidise",
      "unicode": "e78a",
      "unicode_decimal": 59274
    },
    {
      "icon_id": "7009057",
      "name": "questions",
      "font_class": "questions",
      "unicode": "e78b",
      "unicode_decimal": 59275
    },
    {
      "icon_id": "7009058",
      "name": "supply",
      "font_class": "supply",
      "unicode": "e78c",
      "unicode_decimal": 59276
    },
    {
      "icon_id": "7009059",
      "name": "tools",
      "font_class": "tools",
      "unicode": "e78d",
      "unicode_decimal": 59277
    },
    {
      "icon_id": "7009060",
      "name": "int_fill",
      "font_class": "int",
      "unicode": "e78e",
      "unicode_decimal": 59278
    },
    {
      "icon_id": "7009061",
      "name": "commodity",
      "font_class": "commodity",
      "unicode": "e78f",
      "unicode_decimal": 59279
    },
    {
      "icon_id": "7009062",
      "name": "energy",
      "font_class": "zhtn",
      "unicode": "e790",
      "unicode_decimal": 59280
    },
    {
      "icon_id": "7008883",
      "name": "accessory",
      "font_class": "accessory",
      "unicode": "e6dd",
      "unicode_decimal": 59101
    },
    {
      "icon_id": "7008884",
      "name": "activity",
      "font_class": "activity",
      "unicode": "e6de",
      "unicode_decimal": 59102
    },
    {
      "icon_id": "7008885",
      "name": "activity_fill",
      "font_class": "activity_fill",
      "unicode": "e6df",
      "unicode_decimal": 59103
    },
    {
      "icon_id": "7008886",
      "name": "add",
      "font_class": "add",
      "unicode": "e6e0",
      "unicode_decimal": 59104
    },
    {
      "icon_id": "7008887",
      "name": "addition_fill",
      "font_class": "addition_fill",
      "unicode": "e6e1",
      "unicode_decimal": 59105
    },
    {
      "icon_id": "7008888",
      "name": "addition",
      "font_class": "addition",
      "unicode": "e6e2",
      "unicode_decimal": 59106
    },
    {
      "icon_id": "7008889",
      "name": "addpeople_fill",
      "font_class": "addpeople_fill",
      "unicode": "e6e3",
      "unicode_decimal": 59107
    },
    {
      "icon_id": "7008890",
      "name": "addpeople",
      "font_class": "addpeople",
      "unicode": "e6e4",
      "unicode_decimal": 59108
    },
    {
      "icon_id": "7008891",
      "name": "addressbook_fill",
      "font_class": "addressbook_fill",
      "unicode": "e6e5",
      "unicode_decimal": 59109
    },
    {
      "icon_id": "7008892",
      "name": "addressbook",
      "font_class": "addressbook",
      "unicode": "e6e6",
      "unicode_decimal": 59110
    },
    {
      "icon_id": "7008893",
      "name": "barrage_fill",
      "font_class": "barrage_fill",
      "unicode": "e6e7",
      "unicode_decimal": 59111
    },
    {
      "icon_id": "7008894",
      "name": "barrage",
      "font_class": "barrage",
      "unicode": "e6e8",
      "unicode_decimal": 59112
    },
    {
      "icon_id": "7008895",
      "name": "browse_fill",
      "font_class": "browse_fill",
      "unicode": "e6e9",
      "unicode_decimal": 59113
    },
    {
      "icon_id": "7008896",
      "name": "browse",
      "font_class": "browse",
      "unicode": "e6ea",
      "unicode_decimal": 59114
    },
    {
      "icon_id": "7008897",
      "name": "brush",
      "font_class": "brush",
      "unicode": "e6eb",
      "unicode_decimal": 59115
    },
    {
      "icon_id": "7008898",
      "name": "brush_fill",
      "font_class": "brush_fill",
      "unicode": "e6ec",
      "unicode_decimal": 59116
    },
    {
      "icon_id": "7008899",
      "name": "businesscard_fill",
      "font_class": "businesscard_fill",
      "unicode": "e6ed",
      "unicode_decimal": 59117
    },
    {
      "icon_id": "7008900",
      "name": "businesscard",
      "font_class": "businesscard",
      "unicode": "e6ee",
      "unicode_decimal": 59118
    },
    {
      "icon_id": "7008901",
      "name": "camera_fill",
      "font_class": "camera_fill",
      "unicode": "e6ef",
      "unicode_decimal": 59119
    },
    {
      "icon_id": "7008902",
      "name": "camera",
      "font_class": "camera",
      "unicode": "e6f0",
      "unicode_decimal": 59120
    },
    {
      "icon_id": "7008903",
      "name": "clock_fill",
      "font_class": "clock_fill",
      "unicode": "e6f1",
      "unicode_decimal": 59121
    },
    {
      "icon_id": "7008904",
      "name": "clock",
      "font_class": "clock",
      "unicode": "e6f2",
      "unicode_decimal": 59122
    },
    {
      "icon_id": "7008905",
      "name": "close",
      "font_class": "close",
      "unicode": "e6f3",
      "unicode_decimal": 59123
    },
    {
      "icon_id": "7008906",
      "name": "collection_fill",
      "font_class": "collection_fill",
      "unicode": "e6f4",
      "unicode_decimal": 59124
    },
    {
      "icon_id": "7008907",
      "name": "collection",
      "font_class": "collection",
      "unicode": "e6f5",
      "unicode_decimal": 59125
    },
    {
      "icon_id": "7008908",
      "name": "computer_fill",
      "font_class": "computer_fill",
      "unicode": "e6f6",
      "unicode_decimal": 59126
    },
    {
      "icon_id": "7008909",
      "name": "computer",
      "font_class": "computer",
      "unicode": "e6f7",
      "unicode_decimal": 59127
    },
    {
      "icon_id": "7008910",
      "name": "coordinates_fill",
      "font_class": "coordinates_fill",
      "unicode": "e6f8",
      "unicode_decimal": 59128
    },
    {
      "icon_id": "7008911",
      "name": "coordinates",
      "font_class": "coordinates",
      "unicode": "e6f9",
      "unicode_decimal": 59129
    },
    {
      "icon_id": "7008912",
      "name": "coupons_fill",
      "font_class": "coupons_fill",
      "unicode": "e6fa",
      "unicode_decimal": 59130
    },
    {
      "icon_id": "7008913",
      "name": "coupons",
      "font_class": "coupons",
      "unicode": "e6fb",
      "unicode_decimal": 59131
    },
    {
      "icon_id": "7008914",
      "name": "createtask_fill",
      "font_class": "createtask_fill",
      "unicode": "e6fc",
      "unicode_decimal": 59132
    },
    {
      "icon_id": "7008915",
      "name": "createtask",
      "font_class": "createtask",
      "unicode": "e6fd",
      "unicode_decimal": 59133
    },
    {
      "icon_id": "7008916",
      "name": "customerservice_fill",
      "font_class": "customerservice_fill",
      "unicode": "e6fe",
      "unicode_decimal": 59134
    },
    {
      "icon_id": "7008917",
      "name": "customerservice",
      "font_class": "customerservice",
      "unicode": "e6ff",
      "unicode_decimal": 59135
    },
    {
      "icon_id": "7008918",
      "name": "delete_fill",
      "font_class": "delete_fill",
      "unicode": "e700",
      "unicode_decimal": 59136
    },
    {
      "icon_id": "7008919",
      "name": "delete",
      "font_class": "delete",
      "unicode": "e701",
      "unicode_decimal": 59137
    },
    {
      "icon_id": "7008920",
      "name": "document",
      "font_class": "document",
      "unicode": "e702",
      "unicode_decimal": 59138
    },
    {
      "icon_id": "7008921",
      "name": "document_fill",
      "font_class": "document_fill",
      "unicode": "e703",
      "unicode_decimal": 59139
    },
    {
      "icon_id": "7008922",
      "name": "dynamic_fill",
      "font_class": "dynamic_fill",
      "unicode": "e704",
      "unicode_decimal": 59140
    },
    {
      "icon_id": "7008923",
      "name": "dynamic",
      "font_class": "dynamic",
      "unicode": "e705",
      "unicode_decimal": 59141
    },
    {
      "icon_id": "7008924",
      "name": "editor",
      "font_class": "editor",
      "unicode": "e706",
      "unicode_decimal": 59142
    },
    {
      "icon_id": "7008925",
      "name": "eit",
      "font_class": "eit",
      "unicode": "e707",
      "unicode_decimal": 59143
    },
    {
      "icon_id": "7008926",
      "name": "emoji_fill",
      "font_class": "emoji_fill",
      "unicode": "e708",
      "unicode_decimal": 59144
    },
    {
      "icon_id": "7008927",
      "name": "emoji",
      "font_class": "emoji",
      "unicode": "e709",
      "unicode_decimal": 59145
    },
    {
      "icon_id": "7008928",
      "name": "empty",
      "font_class": "empty",
      "unicode": "e70a",
      "unicode_decimal": 59146
    },
    {
      "icon_id": "7008929",
      "name": "empty_fill",
      "font_class": "empty_fill",
      "unicode": "e70b",
      "unicode_decimal": 59147
    },
    {
      "icon_id": "7008930",
      "name": "enter",
      "font_class": "enter",
      "unicode": "e70c",
      "unicode_decimal": 59148
    },
    {
      "icon_id": "7008931",
      "name": "enterinto",
      "font_class": "enterinto",
      "unicode": "e70d",
      "unicode_decimal": 59149
    },
    {
      "icon_id": "7008932",
      "name": "enterinto_fill",
      "font_class": "enterinto_fill",
      "unicode": "e70e",
      "unicode_decimal": 59150
    },
    {
      "icon_id": "7008933",
      "name": "feedback_fill",
      "font_class": "feedback_fill",
      "unicode": "e70f",
      "unicode_decimal": 59151
    },
    {
      "icon_id": "7008934",
      "name": "feedback",
      "font_class": "feedback",
      "unicode": "e710",
      "unicode_decimal": 59152
    },
    {
      "icon_id": "7008935",
      "name": "flag_fill",
      "font_class": "flag_fill",
      "unicode": "e711",
      "unicode_decimal": 59153
    },
    {
      "icon_id": "7008936",
      "name": "flag",
      "font_class": "flag",
      "unicode": "e712",
      "unicode_decimal": 59154
    },
    {
      "icon_id": "7008937",
      "name": "flashlight",
      "font_class": "flashlight",
      "unicode": "e713",
      "unicode_decimal": 59155
    },
    {
      "icon_id": "7008938",
      "name": "flashlight_fill",
      "font_class": "flashlight_fill",
      "unicode": "e714",
      "unicode_decimal": 59156
    },
    {
      "icon_id": "7008939",
      "name": "flip",
      "font_class": "flip",
      "unicode": "e715",
      "unicode_decimal": 59157
    },
    {
      "icon_id": "7008940",
      "name": "flip_fill",
      "font_class": "flip_fill",
      "unicode": "e716",
      "unicode_decimal": 59158
    },
    {
      "icon_id": "7008941",
      "name": "fullscreen",
      "font_class": "fullscreen",
      "unicode": "e717",
      "unicode_decimal": 59159
    },
    {
      "icon_id": "7008942",
      "name": "group",
      "font_class": "group",
      "unicode": "e718",
      "unicode_decimal": 59160
    },
    {
      "icon_id": "7008943",
      "name": "group_fill",
      "font_class": "group_fill",
      "unicode": "e719",
      "unicode_decimal": 59161
    },
    {
      "icon_id": "7008944",
      "name": "headlines_fill",
      "font_class": "headlines_fill",
      "unicode": "e71a",
      "unicode_decimal": 59162
    },
    {
      "icon_id": "7008945",
      "name": "headlines",
      "font_class": "headlines",
      "unicode": "e71b",
      "unicode_decimal": 59163
    },
    {
      "icon_id": "7008946",
      "name": "homepage_fill",
      "font_class": "homepage_fill",
      "unicode": "e71c",
      "unicode_decimal": 59164
    },
    {
      "icon_id": "7008947",
      "name": "homepage",
      "font_class": "homepage",
      "unicode": "e71d",
      "unicode_decimal": 59165
    },
    {
      "icon_id": "7008948",
      "name": "integral_fill",
      "font_class": "integral_fill",
      "unicode": "e71e",
      "unicode_decimal": 59166
    },
    {
      "icon_id": "7008949",
      "name": "integral",
      "font_class": "integral",
      "unicode": "e71f",
      "unicode_decimal": 59167
    },
    {
      "icon_id": "7008950",
      "name": "interactive_fill",
      "font_class": "interactive_fill",
      "unicode": "e720",
      "unicode_decimal": 59168
    },
    {
      "icon_id": "7008951",
      "name": "interactive",
      "font_class": "interactive",
      "unicode": "e721",
      "unicode_decimal": 59169
    },
    {
      "icon_id": "7008952",
      "name": "keyboard",
      "font_class": "keyboard",
      "unicode": "e722",
      "unicode_decimal": 59170
    },
    {
      "icon_id": "7008953",
      "name": "label",
      "font_class": "label",
      "unicode": "e723",
      "unicode_decimal": 59171
    },
    {
      "icon_id": "7008954",
      "name": "label_fill",
      "font_class": "label_fill",
      "unicode": "e724",
      "unicode_decimal": 59172
    },
    {
      "icon_id": "7008955",
      "name": "like_fill",
      "font_class": "like_fill",
      "unicode": "e725",
      "unicode_decimal": 59173
    },
    {
      "icon_id": "7008956",
      "name": "like",
      "font_class": "like",
      "unicode": "e726",
      "unicode_decimal": 59174
    },
    {
      "icon_id": "7008957",
      "name": "live_fill",
      "font_class": "live_fill",
      "unicode": "e727",
      "unicode_decimal": 59175
    },
    {
      "icon_id": "7008958",
      "name": "live",
      "font_class": "live",
      "unicode": "e728",
      "unicode_decimal": 59176
    },
    {
      "icon_id": "7008959",
      "name": "lock_fill",
      "font_class": "lock_fill",
      "unicode": "e729",
      "unicode_decimal": 59177
    },
    {
      "icon_id": "7008960",
      "name": "lock",
      "font_class": "lock",
      "unicode": "e72a",
      "unicode_decimal": 59178
    },
    {
      "icon_id": "7008961",
      "name": "mail",
      "font_class": "mail",
      "unicode": "e72b",
      "unicode_decimal": 59179
    },
    {
      "icon_id": "7008962",
      "name": "mail_fill",
      "font_class": "mail_fill",
      "unicode": "e72c",
      "unicode_decimal": 59180
    },
    {
      "icon_id": "7008963",
      "name": "manage_fill",
      "font_class": "manage_fill",
      "unicode": "e72d",
      "unicode_decimal": 59181
    },
    {
      "icon_id": "7008964",
      "name": "manage",
      "font_class": "manage",
      "unicode": "e72e",
      "unicode_decimal": 59182
    },
    {
      "icon_id": "7008965",
      "name": "message",
      "font_class": "message",
      "unicode": "e72f",
      "unicode_decimal": 59183
    },
    {
      "icon_id": "7008966",
      "name": "message_fill",
      "font_class": "message_fill",
      "unicode": "e730",
      "unicode_decimal": 59184
    },
    {
      "icon_id": "7008967",
      "name": "mine",
      "font_class": "mine",
      "unicode": "e731",
      "unicode_decimal": 59185
    },
    {
      "icon_id": "7008968",
      "name": "mine_fill",
      "font_class": "mine_fill",
      "unicode": "e732",
      "unicode_decimal": 59186
    },
    {
      "icon_id": "7008969",
      "name": "mobilephone_fill",
      "font_class": "mobilephone_fill",
      "unicode": "e733",
      "unicode_decimal": 59187
    },
    {
      "icon_id": "7008970",
      "name": "mobilephone",
      "font_class": "mobilephone",
      "unicode": "e734",
      "unicode_decimal": 59188
    },
    {
      "icon_id": "7008971",
      "name": "more",
      "font_class": "more",
      "unicode": "e735",
      "unicode_decimal": 59189
    },
    {
      "icon_id": "7008972",
      "name": "narrow",
      "font_class": "narrow",
      "unicode": "e736",
      "unicode_decimal": 59190
    },
    {
      "icon_id": "7008973",
      "name": "offline_fill",
      "font_class": "offline_fill",
      "unicode": "e737",
      "unicode_decimal": 59191
    },
    {
      "icon_id": "7008974",
      "name": "offline",
      "font_class": "offline",
      "unicode": "e738",
      "unicode_decimal": 59192
    },
    {
      "icon_id": "7008975",
      "name": "order_fill",
      "font_class": "order_fill",
      "unicode": "e739",
      "unicode_decimal": 59193
    },
    {
      "icon_id": "7008976",
      "name": "order",
      "font_class": "order",
      "unicode": "e73a",
      "unicode_decimal": 59194
    },
    {
      "icon_id": "7008977",
      "name": "other",
      "font_class": "other",
      "unicode": "e73b",
      "unicode_decimal": 59195
    },
    {
      "icon_id": "7008978",
      "name": "people_fill",
      "font_class": "people_fill",
      "unicode": "e73c",
      "unicode_decimal": 59196
    },
    {
      "icon_id": "7008979",
      "name": "people",
      "font_class": "people",
      "unicode": "e73d",
      "unicode_decimal": 59197
    },
    {
      "icon_id": "7008980",
      "name": "picture_fill",
      "font_class": "picture_fill",
      "unicode": "e73e",
      "unicode_decimal": 59198
    },
    {
      "icon_id": "7008981",
      "name": "picture",
      "font_class": "picture",
      "unicode": "e73f",
      "unicode_decimal": 59199
    }
  ]
}
